列ID,列名,分组,是否核心因子,有效样本数,均值
ID02017483,铁矿石：进口：库存：华北地区：45个港口（周度）,标的(Y变量),是,3756,4146.793357
ID02017488,铁矿石：进口：库存：华南地区：45个港口（周度）,标的(Y变量),是,3750,949.933043
ID02017501,铁矿石：进口：库存：长江沿江地区：45个港口（周度）,标的(Y变量),是,3751,2034.088496
ID00414945,铁矿石：进口：库存：华东地区：45个港口（周度）,标的(Y变量),是,3752,5532.771173
ID00186052,铁矿石：进口：库存：45个港口（周度）,标的(Y变量),是,3752,13371.765997
ID00186278,块矿：库存：45个港口（周度）,标的(Y变量),是,3758,1822.940478
ID01135139,粗粉：进口：库存：45个港口（周度）,标的(Y变量),是,3750,10132.548995
ID00186491,铁精粉：库存：45个港口（周度）,标的(Y变量),是,3762,947.465201
ID00186318,球团矿：进口：库存：45个港口（周度）,标的(Y变量),是,3750,464.754397
ID01512800,块矿：进口：库存：47个港口（周度）,标的(Y变量),否,1591,1857.559158
ID01868329,粗粉：库存：47个港口（周度）,标的(Y变量),否,1348,11142.321921
ID01512783,铁精粉：进口：库存：47个港口（周度）,标的(Y变量),否,1591,1169.748699
ID01512793,球团矿：进口：库存：47个港口（周度）,标的(Y变量),否,1593,549.698301
ID01512786,铁矿石：进口：库存：47个港口（周度）,标的(Y变量),否,1589,14787.946344
ID01517120,PB粉：港口库存：华东地区：青岛港：明细（周度）,标的(Y变量),否,3214,168.984512
ID01517067,PB粉：港口库存：华北地区：曹妃甸港：明细（周度）,标的(Y变量),否,3213,118.060218
ID01516906,PB粉：港口库存：长江沿江地区：江阴港：明细（周度）,标的(Y变量),否,3210,44.658903
ID01516560,PB块：港口库存：华东地区：青岛港：明细（周度）,标的(Y变量),否,3218,81.426200
ID01516505,PB块：港口库存：华北地区：曹妃甸港：明细（周度）,标的(Y变量),否,3212,24.025324
ID01516418,PB块：港口库存：长江沿江地区：江阴港：明细（周度）,标的(Y变量),否,3209,12.758891
ID01517102,超特粉：港口库存：华东地区：青岛港：明细（周度）,标的(Y变量),否,3206,135.706235
ID01517011,超特粉：港口库存：华北地区：曹妃甸港：明细（周度）,标的(Y变量),否,3212,138.057416
ID01516873,超特粉：港口库存：长江沿江地区：江阴港：明细（周度）,标的(Y变量),否,3214,20.840865
ID01517226,卡拉加斯粉：港口库存：华东地区：青岛港：明细（周度）,标的(Y变量),否,3215,519.468009
ID01517224,卡拉加斯粉：港口库存：华北地区：曹妃甸港：明细（周度）,标的(Y变量),否,3215,160.055863
ID01517220,卡拉加斯粉：港口库存：长江沿江地区：江阴港：明细（周度）,标的(Y变量),否,3216,17.881636
ID01515465,铁精粉：港口库存：乌克兰→华东地区：岚山港：明细（周度）,标的(Y变量),否,3213,34.187762
0d3672c8-272f-4c2a-bedf-fe3d44b8a214,华东废钢铁日度铁水-废钢价差,需求-生铁粗钢,否,3177,-45.589235
C7937622,中国：10年期国债期货隐含利率：主连,宏观-货币,否,3754,2.900315
D7577252,美国：联储观察工具：联邦公开市场委员会会议目标利率变动可能性：下降,宏观-货币,否,1558,2.471059
F9822336,美国：联储观察工具：联邦公开市场委员会会议目标利率变动可能性：上升,宏观-货币,否,1558,36.328318
O4743804,美国：联储观察工具：联邦公开市场委员会会议目标利率变动可能性：持平,宏观-货币,否,1554,47.507754
G0000891,美国：国债收益率：10年,其他,否,3782,2.748236
G0001699,美国：有效联邦基金利率(EFFR),宏观-货币,否,3758,2.232847
ID00187733,我的钢铁网普钢价格指数：绝对价格指数：普钢（日度）,价格-矿石价格,否,3767,4038.325510
ID00274662,纽曼块：62%Fe：澳大利亚联邦产区：品牌价格：青岛港（美元）（日度）,价格-矿石价格,否,3773,113.074979
ID00275210,金布巴粉：60.3%Fe：澳大利亚联邦产区：品牌价格：青岛港（美元）（日度）,价格-矿石价格,否,3770,91.233772
ID00275221,纽曼粉：61.2%Fe：澳大利亚联邦产区：品牌价格：青岛港（美元）（日度）,价格-矿石价格,否,3771,100.555894
ID01037437,PB粉：即期合约：现货落地利润（日度）,价格-价差利润,否,3770,7.869817
ID01171926,乌克兰精粉：65%Fe：品牌价格：青岛港（日度）,价格-矿石价格,否,1832,1026.917031
ID01602635,铁矿石：海漂量：全球（日度）,价格-矿石价格,否,2316,11000.748808
ID01602638,铁矿石：发运量：力拓集团→中华人民共和国（日度）,供应-发运,是,2320,65.471815
ID01602655,铁矿石：外贸货物：海漂量：全球→中华人民共和国（日度）,价格-矿石价格,否,2318,6882.957066
ID01602667,铁矿石：发运量：福蒂斯丘金属集团→中华人民共和国（日度）,供应-发运,否,2320,43.789608
ID01602675,铁矿石：发运量：澳大利亚必和必拓集团→中华人民共和国（日度）,供应-发运,是,2321,63.382184
ID01602693,铁矿石：发运量：巴西淡水河谷公司→中华人民共和国（日度）,供应-发运,是,2321,43.970168
ID01975885,我的钢铁网：热轧板卷：高炉：现金利润：中华人民共和国（日度）,价格-价差利润,是,1579,25.191894
M0000271,美元指数,其他,否,3781,98.511557
M0041371,中国：逆回购利率：7天,宏观-货币,否,3774,2.108015
RE00024786,PB块：即期合约：现货落地利润（日度）,价格-价差利润,否,3394,28.186482
RE00024793,超特粉：即期合约：现货落地利润（日度）,价格-价差利润,否,3766,8.219207
S5700062,新交所：结算价：铁矿石(掉期)：当月,价格-矿石价格,否,3762,100.737850
bbe6fb67-5fe6-4fd8-8c00-72c0b7d433a6,320家钢厂废钢到货：全国,价格-关联商品,否,1217,54.726830
bc343eb8-1f4f-4dd9-a139-1db5e95492de,江苏省电弧炉-连铸螺纹钢日度平电毛利,价格-关联商品,否,2305,12.539696
eb1be634-2828-44a2-a785-4a8b901c4c30,江苏省独立电弧炉废钢铁日度谷电毛利,价格-关联商品,否,2166,126.470914
4a2be721-50b1-43bb-af5b-c841bb788249,中国建筑钢材周度社会库存,标的(Y变量),否,434,750.938940
66f832cc-935b-4b81-95b4-69cc783dface,中国热轧板卷周度产量,供应-产量,否,2291,548.607434
6cde6907-4a91-4ad9-819c-3ec2532af010,中国热轧板卷（Q235B）周度生产企业库存,标的(Y变量),否,2074,62.889088
81ba818c-b750-4f65-a820-57003787f49b,中国热轧板卷周度社会库存,标的(Y变量),否,2616,309.040279
9cebd17e-eb19-468d-9076-762454622aac,320家钢厂废钢日耗：其中35家全流程（高+转+电）钢厂,需求-消费,否,1212,9.812176
ID00183109,247家钢铁企业：高炉开工率：中华人民共和国（周度）,需求-开工率,是,3769,82.767519
ID00183114,247家钢铁企业：高炉产能利用率：中华人民共和国（周度）,需求-开工率,是,3762,85.347164
ID00185754,铁矿石：澳大利亚联邦产区：发货量：丹皮尔港（周度）,供应-发货量,否,3749,270.522166
ID00185755,铁矿石：澳大利亚联邦产区：发货量：埃斯佩兰斯港（周度）,供应-发货量,否,3751,14.299086
ID00185756,铁矿石：澳大利亚联邦产区：发货量：杰拉尔顿港（周度）,供应-发货量,否,3618,7.231600
ID00185759,铁矿石：澳大利亚联邦产区：发货量：黑德兰港（周度）,供应-发货量,否,3758,987.754683
ID00185760,铁矿石：澳大利亚联邦产区：发货量：沃尔科特港（周度）,供应-发货量,否,3754,355.574694
ID00185761,铁矿石：澳大利亚联邦产区：发货量合计：14个港口（周度）,供应-发货量,否,3752,1591.234395
ID00185762,铁矿石：澳大利亚联邦产区：发货量：丹皮尔港→中华人民共和国（周度）,供应-发货量,否,3759,253.660787
ID00185764,铁矿石：澳大利亚联邦产区：发货量：杰拉尔顿港→中华人民共和国（周度）,供应-发货量,否,3615,5.474907
ID00185766,铁矿石：澳大利亚联邦产区：发货量：黑德兰港→中华人民共和国（周度）,供应-发货量,否,3758,850.487547
ID00185768,铁矿石：澳大利亚联邦产区：发货量：沃尔科特港→中华人民共和国（周度）,供应-发货量,否,3755,241.553262
ID00185769,铁矿石：澳大利亚联邦产区：发货量合计：14个港口：澳大利亚联邦→中华人民共和国（周度）,供应-发货量,否,3757,1339.888515
ID00185795,铁矿石：澳大利亚联邦产区：库存：41个港口（周度）,标的(Y变量),否,3759,6427.849558
ID00185799,铁矿石：澳大利亚联邦产区：库存：曹妃甸港（周度）,标的(Y变量),否,3754,826.926055
ID00185808,铁矿石：澳大利亚联邦产区：库存：江阴港（周度）,标的(Y变量),否,3752,237.906245
ID00185826,铁矿石：澳大利亚联邦产区：库存：青岛港（周度）,标的(Y变量),否,3755,688.106791
ID00185861,铁矿石：巴西联邦共和国产区：库存：45个港口（周度）,标的(Y变量),是,3756,3999.188759
ID00185864,铁矿石：巴西联邦共和国产区：库存：曹妃甸港（周度）,标的(Y变量),否,3763,481.818623
ID00185873,铁矿石：巴西联邦共和国产区：库存：江阴港（周度）,标的(Y变量),否,3749,124.358514
ID00185891,铁矿石：巴西联邦共和国产区：库存：青岛港（周度）,标的(Y变量),否,3757,1042.201491
ID00185913,烧结用矿粉：国产：库存：南方大区：64家钢铁企业（周度）,标的(Y变量),否,3753,18.215689
ID00185914,烧结用矿粉：国产：库存：山东省：64家钢铁企业（周度）,标的(Y变量),否,3759,8.381277
ID00185915,烧结用矿粉：国产：库存：山西省：64家钢铁企业（周度）,标的(Y变量),否,3756,12.328232
ID00185916,烧结用矿粉：国产：库存：唐山市：64家钢铁企业（周度）,标的(Y变量),否,3753,27.421364
ID00185917,烧结用矿粉：国产：库存：长江沿江地区：64家钢铁企业（周度）,标的(Y变量),否,3753,4.462763
ID00185922,烧结用矿粉：国产：消耗量：64家钢铁企业（周度）,需求-消费,否,3759,7.452788
ID00185923,烧结用矿粉：国产：消耗量：邯郸、邢台：64家钢铁企业（周度）,需求-消费,否,3758,1.205748
ID00185924,烧结用矿粉：国产：消耗量：南方大区：64家钢铁企业（周度）,需求-消费,否,3760,1.326521
ID00185925,烧结用矿粉：国产：消耗量：山东省：64家钢铁企业（周度）,需求-消费,否,3740,0.808396
ID00185926,烧结用矿粉：国产：消耗量：山西省：64家钢铁企业（周度）,需求-消费,否,3764,1.026291
ID00185927,烧结用矿粉：国产：消耗量：唐山市：64家钢铁企业（周度）,需求-消费,否,3762,2.685354
ID00185928,烧结用矿粉：国产：消耗量：长江沿江地区：64家钢铁企业（周度）,需求-消费,否,3768,0.392545
ID00185931,贸易矿：进口：库存：45个港口（周度）,标的(Y变量),是,3760,6778.557457
ID00185983,烧结用矿粉：进口：库存：南方大区：64家钢铁企业（周度）,标的(Y变量),否,3743,514.034924
ID00185984,烧结用矿粉：进口：库存：山东省：64家钢铁企业（周度）,标的(Y变量),否,3746,176.217224
ID00185985,烧结用矿粉：进口：库存：山西省：64家钢铁企业（周度）,标的(Y变量),否,3752,114.466295
ID00185986,烧结用矿粉：进口：库存：唐山市：64家钢铁企业（周度）,标的(Y变量),否,3758,284.645051
ID00185987,烧结用矿粉：进口：库存：长江沿江地区：64家钢铁企业（周度）,标的(Y变量),否,3749,107.567077
ID00185992,烧结用矿粉：进口：消耗量：64家钢铁企业（周度）,需求-消费,否,3771,59.112912
ID00185993,烧结用矿粉：进口：消耗量：邯郸、邢台：64家钢铁企业（周度）,需求-消费,否,3771,14.467062
ID00185994,烧结用矿粉：进口：消耗量：南方大区：64家钢铁企业（周度）,需求-消费,否,3749,11.078645
ID00185995,烧结用矿粉：进口：消耗量：山东省：64家钢铁企业（周度）,需求-消费,否,3766,6.742902
ID00185996,烧结用矿粉：进口：消耗量：山西省：64家钢铁企业（周度）,需求-消费,否,3765,4.323737
ID00185997,烧结用矿粉：进口：消耗量：唐山市：64家钢铁企业（周度）,需求-消费,否,3760,18.295270
ID00185998,烧结用矿粉：进口：消耗量：长江沿江地区：64家钢铁企业（周度）,需求-消费,否,3739,4.173423
ID00185999,烧结用矿粉：进口：库存消费比：64家钢铁企业（周度）,标的(Y变量),否,3589,26.311722
ID00186000,烧结矿：进口：配比：64家钢铁企业（周度）,供需-配比,否,3755,87.691036
ID00186001,铁矿石：进口：平均可用天数：64家钢铁企业（周度）,价格-矿石价格,否,3745,24.748999
ID00186053,铁矿石：进口：库存：鲅鱼圈港（周度）,标的(Y变量),否,3757,267.479500
ID00186098,铁矿石：进口：日均疏港量合计：31个港口（同口径）（周度）,需求-疏港,是,3754,259.181190
ID00186099,铁矿石：进口：日均疏港量合计：41个港口（周度）,需求-疏港,是,3753,286.459440
ID00186100,铁矿石：进口：日均疏港量合计：45个港口（周度）,标的(Y变量),是,3754,294.537397
ID00186103,铁矿石：进口：日均疏港量：曹妃甸港（周度）,需求-疏港,是,3747,29.005930
ID00186111,铁矿石：进口：日均疏港量：黄骅港（周度）,需求-疏港,是,3748,12.275304
ID00186112,铁矿石：进口：日均疏港量：江阴港（周度）,需求-疏港,是,3754,12.266939
ID00186114,铁矿石：进口：日均疏港量：京唐港（周度）,需求-疏港,是,3751,29.956657
ID00186116,铁矿石：进口：日均疏港量：岚桥港（周度）,需求-疏港,是,3756,7.391315
ID00186117,铁矿石：进口：日均疏港量：岚山港（周度）,需求-疏港,是,3761,12.873281
ID00186119,铁矿石：进口：日均疏港量：龙口港（周度）,需求-疏港,是,3747,0.518371
ID00186130,铁矿石：进口：日均疏港量：青岛港（周度）,需求-疏港,是,3738,29.680696
ID00186132,铁矿石：进口：日均疏港量：日照港（周度）,需求-疏港,是,3750,22.558443
ID00186138,铁矿石：进口：日均疏港量：天津港（周度）,需求-疏港,是,3765,22.347405
ID00186276,块矿：入炉比：64家钢铁企业（周度）,供需-配比,否,3742,11.738720
ID00186316,球团矿：入炉比：64家钢铁企业（周度）,供需-配比,否,3746,14.708091
ID00186325,烧结矿：入炉比：64家钢铁企业（周度）,供需-配比,否,3750,73.551325
ID00186326,烧结矿：入炉品位：64家钢铁企业（周度）,供需-配比,否,3760,55.680830
ID00186405,126家矿山企业（266座矿山）：铁精粉：日均产量：中华人民共和国（周度）,供应-产量,否,3745,40.303829
ID00186565,铁矿石：发货量：澳大利亚必和必拓集团→中华人民共和国（周度）,供应-发货量,是,3751,448.760680
ID00186567,铁矿石：发货量：福蒂斯丘金属集团→中华人民共和国（周度）,供应-发货量,否,3749,320.681430
ID00186568,铁矿石：发货量：力拓集团→中华人民共和国（周度）,供应-发货量,是,3751,495.508014
ID00186569,铁矿石：船舶到港量：曹妃甸港（周度）,供应-到港,否,3763,14.826202
ID00186570,铁矿石：船舶到港量：京唐港（周度）,供应-到港,否,3745,12.911081
ID00186571,铁矿石：船舶到港量：连云港港（周度）,供应-到港,否,3766,8.519915
ID00186572,铁矿石：船舶到港量：青岛港（周度）,供应-到港,否,3758,12.098989
ID00186573,铁矿石：船舶到港量：日照港（周度）,供应-到港,否,3753,11.088463
ID00186574,铁矿石：船舶到港量：天津港（周度）,供应-到港,否,3750,11.310933
ID00186575,铁矿石：船舶到港量：北方港口（周度）,供应-到港,否,3756,70.839457
ID00186576,铁矿石：到港量：曹妃甸港（周度）,供应-到港,否,3757,243.754059
ID00186577,铁矿石：到港量：京唐港（周度）,供应-到港,否,3748,196.864514
ID00186578,铁矿石：到港量：连云港港（周度）,供应-到港,否,3758,129.939109
ID00186579,铁矿石：到港量：青岛港（周度）,供应-到港,否,3760,202.696822
ID00186580,铁矿石：到港量：日照港（周度）,供应-到港,否,3763,170.385437
ID00186581,铁矿石：到港量：天津港（周度）,供应-到港,否,3759,169.326856
ID00186597,铁矿石：现货日均成交量合计：贸易商：中国主要港口（周度）,价格-矿石价格,否,3747,94.197353
ID00187175,126家矿山企业（266座矿山）：产能利用率（周度）,供应-矿山,否,3744,63.465972
ID00392596_week,186家矿山企业（363座矿山）：铁精粉：日均产量（周度）,供应-产量,否,2638,342.388575
ID00392607,186家矿山企业（363座矿山）：产能利用率（周度）,供应-矿山,否,2638,62.639030
ID00392616,126家矿山企业（266座矿山）：铁精粉：库存：西南地区（周度）,标的(Y变量),否,2640,42.389458
ID00409038,铁矿石：澳大利亚联邦产区：发货量：19个港口（周度）,供应-发货量,否,2498,1778.632786
ID01002310,铁矿石：进口：库存：247家钢铁企业（周度）,标的(Y变量),否,2301,9978.738527
ID01002311,铁矿石：进口：库存消费比：247家钢铁企业（周度）,标的(Y变量),否,2298,34.797602
ID01017990,铁矿石：澳大利亚联邦产区：发货量合计：19个港口：澳大利亚联邦→中华人民共和国（周度）,供应-发货量,否,2195,1499.210296
ID01017994,铁矿石：进口：日均消耗量：247家钢铁企业（周度）,需求-消费,否,2300,287.516639
ID01155775,铁矿石：发货量：澳大利亚联邦：澳大利亚必和必拓集团（周度）,供应-发货量,是,2837,548.287945
ID01155776,铁矿石：发货量：澳大利亚联邦：福蒂斯丘金属集团（周度）,供应-发货量,否,2830,353.054336
ID01166976,铁矿石：远期现货日均成交量（周度）,价格-矿石价格,否,2297,88.053095
ID01203605,铁矿石：到港量：澳大利亚联邦：青岛港：明细（周度）,供应-到港,否,2666,118.651538
ID01203612,铁矿石：到港量：巴西联邦共和国：青岛港：明细（周度）,供应-到港,否,2665,73.070882
ID01203685,铁矿石：到港量：澳大利亚联邦：江阴港：明细（周度）,供应-到港,否,2664,58.741366
ID01203688,铁矿石：到港量：巴西联邦共和国：江阴港：明细（周度）,供应-到港,否,2660,12.186805
ID01203696,铁矿石：到港量：澳大利亚联邦：曹妃甸港：明细（周度）,供应-到港,否,2666,154.420668
ID01203712,铁矿石：到港量：巴西联邦共和国：曹妃甸港：明细（周度）,供应-到港,否,2660,52.658797
ID01203747,铁矿石：到港量：乌克兰：岚山港：明细（周度）,供应-到港,否,2659,7.016435
ID01203829,铁矿石：到港量：巴西联邦共和国：45个港口：明细（周度）,标的(Y变量),是,2178,476.626125
ID01203836,铁矿石：到港量：乌克兰：45个港口：明细（周度）,标的(Y变量),是,2174,24.891674
ID01203858,块矿：60-62%Fe：到港量：曹妃甸港：明细（周度）,供应-到港,否,2663,1.927225
ID01203949,粉矿：60-62%Fe：到港量：青岛港：明细（周度）,供应-到港,否,2663,52.376590
ID01203957,粉矿：62%Fe以上：到港量：青岛港：明细（周度）,供应-到港,否,2669,40.438966
ID01204008,粉矿：62%Fe以上：到港量：江阴港：明细（周度）,供应-到港,否,2667,4.843870
ID01204010,粉矿：60-62%Fe：到港量：江阴港：明细（周度）,供应-到港,否,2665,26.163512
ID01204014,粉矿：60-62%Fe：到港量：曹妃甸港：明细（周度）,供应-到港,否,2667,59.503817
ID01204016,粉矿：62%Fe以上：到港量：曹妃甸港：明细（周度）,供应-到港,否,2667,36.476753
ID01204136,块矿：到港量：青岛港：明细（周度）,供应-到港,否,2662,27.943088
ID01204153,块矿：60-62%Fe：到港量：青岛港：明细（周度）,供应-到港,否,2667,0.000000
ID01204168,块矿：到港量：江阴港：明细（周度）,供应-到港,否,2673,13.761130
ID01204174,块矿：到港量：曹妃甸港：明细（周度）,供应-到港,否,2662,36.535162
ID01204184,块矿：60-62%Fe：到港量：江阴港：明细（周度）,供应-到港,否,2650,1.503094
ID01204598,麦克粉：到港量：青岛港：澳大利亚必和必拓集团：明细（周度）,供应-到港,是,2664,4.555743
ID01204634,麦克粉：到港量：江阴港：澳大利亚必和必拓集团：明细（周度）,供应-到港,是,2656,3.849548
ID01204797,金布巴粉：到港量：青岛港：澳大利亚必和必拓集团：明细（周度）,供应-到港,是,2662,4.504545
ID01204800,纽曼粉：到港量：青岛港：澳大利亚必和必拓集团：明细（周度）,供应-到港,是,2666,3.445874
ID01204801,西皮尔巴拉粉：到港量：青岛港：福蒂斯丘金属集团：明细（周度）,供应-到港,否,2665,2.274259
ID01204802,纽曼块：到港量：青岛港：澳大利亚必和必拓集团：明细（周度）,供应-到港,是,2660,4.868647
ID01204805,FMG混合粉：到港量：青岛港：福蒂斯丘金属集团：明细（周度）,供应-到港,是,2665,11.452946
ID01204806,超特粉：到港量：青岛港：福蒂斯丘金属集团：明细（周度）,供应-到港,否,2667,12.365129
ID01204812,PB块：到港量：青岛港：力拓集团：明细（周度）,供应-到港,是,2668,16.895240
ID01204813,铁矿石：到港量：青岛港：澳大利亚必和必拓集团：明细（周度）,供应-到港,是,2662,21.014200
ID01204815,铁矿石：到港量：青岛港：巴西淡水河谷公司：明细（周度）,供应-到港,是,2664,64.492755
ID01204817,铁矿石：到港量：青岛港：力拓集团：明细（周度）,供应-到港,是,2668,56.804948
ID01204818,铁矿石：到港量：青岛港：福蒂斯丘金属集团：明细（周度）,供应-到港,否,2666,30.443586
ID01204822,FMG块矿：到港量：青岛港：福蒂斯丘金属集团：明细（周度）,供应-到港,是,2668,1.625825
ID01204828,卡拉加斯粉：到港量：青岛港：巴西淡水河谷公司：明细（周度）,供应-到港,是,2667,36.983315
ID01204829,PB粉：到港量：青岛港：力拓集团：明细（周度）,供应-到港,是,2661,31.383803
ID01205015,纽曼粉：到港量：江阴港：澳大利亚必和必拓集团：明细（周度）,供应-到港,是,2670,3.330300
ID01205016,西皮尔巴拉粉：到港量：江阴港：福蒂斯丘金属集团：明细（周度）,供应-到港,否,2670,0.861311
ID01205017,金布巴粉：到港量：江阴港：澳大利亚必和必拓集团：明细（周度）,供应-到港,是,2664,2.962650
ID01205020,FMG混合粉：到港量：江阴港：福蒂斯丘金属集团：明细（周度）,供应-到港,是,2659,4.464611
ID01205022,超特粉：到港量：江阴港：福蒂斯丘金属集团：明细（周度）,供应-到港,否,2663,4.158055
ID01205023,铁矿石：到港量：江阴港：力拓集团：明细（周度）,供应-到港,是,2674,20.662752
ID01205029,纽曼块：到港量：江阴港：澳大利亚必和必拓集团：明细（周度）,供应-到港,是,2654,4.339337
ID01205035,PB粉：到港量：江阴港：力拓集团：明细（周度）,供应-到港,是,2665,10.449944
ID01205036,铁矿石：到港量：江阴港：福蒂斯丘金属集团：明细（周度）,供应-到港,否,2664,11.229805
ID01205042,铁矿石：到港量：江阴港：澳大利亚必和必拓集团：明细（周度）,供应-到港,是,2671,17.269637
ID01205043,FMG块矿：到港量：江阴港：福蒂斯丘金属集团：明细（周度）,供应-到港,是,2670,0.589251
ID01205045,卡拉加斯粉：到港量：江阴港：巴西淡水河谷公司：明细（周度）,供应-到港,是,2658,0.000000
ID01205048,PB块：到港量：江阴港：力拓集团：明细（周度）,供应-到港,是,2658,5.384387
ID01205049,纽曼块：到港量：曹妃甸港：澳大利亚必和必拓集团：明细（周度）,供应-到港,是,2668,19.406147
ID01205051,超特粉：到港量：曹妃甸港：福蒂斯丘金属集团：明细（周度）,供应-到港,否,2673,13.262290
ID01205052,麦克粉：到港量：曹妃甸港：澳大利亚必和必拓集团：明细（周度）,供应-到港,是,2666,12.802926
ID01205055,FMG混合粉：到港量：曹妃甸港：福蒂斯丘金属集团：明细（周度）,供应-到港,是,2664,13.900938
ID01205057,纽曼粉：到港量：曹妃甸港：澳大利亚必和必拓集团：明细（周度）,供应-到港,是,2666,12.011215
ID01205058,西皮尔巴拉粉：到港量：曹妃甸港：福蒂斯丘金属集团：明细（周度）,供应-到港,否,2671,2.240884
ID01205061,铁矿石：到港量：曹妃甸港：澳大利亚必和必拓集团：明细（周度）,供应-到港,是,2662,63.390947
ID01205062,铁矿石：到港量：曹妃甸港：力拓集团：明细（周度）,供应-到港,是,2664,43.619219
ID01205063,金布巴粉：到港量：曹妃甸港：澳大利亚必和必拓集团：明细（周度）,供应-到港,是,2668,12.867241
ID01205064,铁矿石：到港量：曹妃甸港：巴西淡水河谷公司：明细（周度）,供应-到港,是,2659,49.657728
ID01205065,铁矿石：到港量：曹妃甸港：福蒂斯丘金属集团：明细（周度）,供应-到港,否,2662,34.449061
ID01205069,PB块：到港量：曹妃甸港：力拓集团：明细（周度）,供应-到港,是,2667,8.657293
ID01205073,卡拉加斯粉：到港量：曹妃甸港：巴西淡水河谷公司：明细（周度）,供应-到港,是,2666,24.388935
ID01205075,FMG块矿：到港量：曹妃甸港：福蒂斯丘金属集团：明细（周度）,供应-到港,是,2669,1.696403
ID01205076,PB粉：到港量：曹妃甸港：力拓集团：明细（周度）,供应-到港,是,2660,24.108459
ID01205336,金布巴粉：到港量：45个港口：澳大利亚必和必拓集团：明细（周度）,标的(Y变量),是,2181,93.159972
ID01205343,麦克粉：到港量：45个港口：澳大利亚必和必拓集团：明细（周度）,标的(Y变量),是,2176,112.026379
ID01205344,纽曼粉：到港量：45个港口：澳大利亚必和必拓集团：明细（周度）,标的(Y变量),是,2181,97.333654
ID01205346,超特粉：到港量：45个港口：福蒂斯丘金属集团：明细（周度）,标的(Y变量),是,2181,122.924163
ID01205370,纽曼块：到港量：45个港口：澳大利亚必和必拓集团：明细（周度）,标的(Y变量),是,2178,133.565840
ID01205387,PB粉：到港量：45个港口：力拓集团：明细（周度）,标的(Y变量),是,2181,268.051215
ID01205397,PB块：到港量：45个港口：力拓集团：明细（周度）,标的(Y变量),是,2182,122.058478
ID01205398,CSN粗粉：到港量：45个港口：巴西国家黑色冶金（巴西国家钢铁公司）：明细（周度）,标的(Y变量),是,2181,43.961531
ID01205399,CSN精粉：到港量：45个港口：巴西国家黑色冶金（巴西国家钢铁公司）：明细（周度）,标的(Y变量),是,2178,4.159504
ID01207860,铁矿石：进口：247家钢铁企业：厂内库存消费比：西北地区：明细（周度）,标的(Y变量),否,2295,17.158327
ID01207863,铁矿石：进口：247家钢铁企业：厂内库存：华南地区：明细（周度）,标的(Y变量),否,2298,406.398159
ID01207868,铁矿石：进口：247家钢铁企业：厂内库存消费比：华南地区：明细（周度）,标的(Y变量),否,2295,17.988758
ID01207869,铁矿石：进口：247家钢铁企业：库存消费比：华南地区：明细（周度）,标的(Y变量),否,2294,49.146966
ID01207870,铁矿石：进口：247家钢铁企业：厂内库存：东北地区：明细（周度）,标的(Y变量),否,2300,170.918535
ID01207871,铁矿石：进口：247家钢铁企业：厂内库存消费比：华东地区：明细（周度）,标的(Y变量),否,2302,14.383488
ID01207873,铁矿石：进口：247家钢铁企业：库存消费比：华北地区：明细（周度）,标的(Y变量),否,2299,25.005272
ID01207876,铁矿石：进口：247家钢铁企业：厂内库存：西北地区：明细（周度）,标的(Y变量),否,2298,132.769978
ID01207878,铁矿石：进口：247家钢铁企业：厂内库存消费比：东北地区：明细（周度）,标的(Y变量),否,2303,9.866908
ID01207883,铁矿石：进口：247家钢铁企业：厂内库存消费比：华中地区：明细（周度）,标的(Y变量),否,2299,14.862397
ID01207884,铁矿石：进口：247家钢铁企业：厂内库存：华中地区：明细（周度）,标的(Y变量),否,2298,388.505022
ID01207887,铁矿石：进口：247家钢铁企业：厂内库存：华东地区：明细（周度）,标的(Y变量),否,2303,1421.680135
ID01207893,铁矿石：进口：247家钢铁企业：厂内库存消费比：明细（周度）,标的(Y变量),否,2300,13.154287
ID01207897,铁矿石：进口：247家钢铁企业：厂内库存：明细（周度）,标的(Y变量),否,2302,3767.978445
ID01208019,铁矿石：进口：247家钢铁企业：发货地：厂内库存：明细（周度）,标的(Y变量),否,2302,3768.014835
ID01208022,铁矿石：进口：247家钢铁企业：发货地：库存：明细（周度）,标的(Y变量),否,2301,9978.704820
ID01208023,铁矿石：进口：247家钢铁企业：发货地：库存消费比：明细（周度）,标的(Y变量),否,2296,34.416381
ID01208151,铁矿石：进口：247家钢铁企业：库存：华北地区发货地：明细（周度）,标的(Y变量),否,2301,2229.906849
ID01208152,铁矿石：进口：247家钢铁企业：厂内库存：华北地区发货地：明细（周度）,标的(Y变量),否,2303,846.987395
ID01208155,铁矿石：进口：247家钢铁企业：厂内库存：华东地区发货地：明细（周度）,标的(Y变量),否,2300,852.963087
ID01208156,铁矿石：进口：247家钢铁企业：库存：华东地区发货地：明细（周度）,标的(Y变量),否,2300,2243.843026
ID01208158,铁矿石：进口：247家钢铁企业：厂内库存：长江沿江地区发货地：明细（周度）,标的(Y变量),否,2297,1320.514541
ID01208159,铁矿石：进口：247家钢铁企业：库存消费比：华北地区发货地：明细（周度）,标的(Y变量),否,2302,24.426247
ID01208161,铁矿石：进口：247家钢铁企业：库存消费比：华南地区发货地：明细（周度）,标的(Y变量),否,2301,50.236754
ID01208163,铁矿石：进口：247家钢铁企业：库存消费比：华东地区发货地：明细（周度）,标的(Y变量),否,2297,30.891014
ID01208165,铁矿石：进口：247家钢铁企业：厂内库存：华南地区发货地：明细（周度）,标的(Y变量),否,2295,575.890192
ID01208166,铁矿石：进口：247家钢铁企业：库存：长江沿江地区发货地：明细（周度）,标的(Y变量),否,2296,3211.611193
ID01208167,铁矿石：进口：247家钢铁企业：库存：华南地区发货地：明细（周度）,标的(Y变量),否,2296,1529.032404
ID01208169,铁矿石：进口：247家钢铁企业：库存消费比：长江沿江地区发货地：明细（周度）,标的(Y变量),否,2297,41.189238
ID01244893,烧结矿：入炉品位：114家钢铁企业（周度）,供需-配比,否,1799,55.449205
ID01244894,球团矿：入炉比：114家钢铁企业（周度）,供需-配比,否,1812,15.698328
ID01244895,烧结矿：入炉比：114家钢铁企业（周度）,供需-配比,否,1810,73.611387
ID01244896,烧结矿：进口：配比：114家钢铁企业（周度）,供需-配比,否,1813,83.543431
ID01244897,烧结用矿粉：进口：库存：114家钢铁企业（周度）,标的(Y变量),否,1814,2850.172988
ID01244899,块矿：入炉比：114家钢铁企业（周度）,供需-配比,否,1813,10.694197
ID01452315,铁矿石：进口：247家钢铁企业：库存：明细（周度）,标的(Y变量),否,2301,9978.812451
ID01452317,铁矿石：进口：247家钢铁企业：厂内库存消费比：华东地区发货地：明细（周度）,标的(Y变量),否,2296,11.758894
ID01452318,铁矿石：进口：247家钢铁企业：厂内库存消费比：华南地区发货地：明细（周度）,标的(Y变量),否,2302,18.651842
ID01452320,铁矿石：进口：247家钢铁企业：厂内库存消费比：华北地区发货地：明细（周度）,标的(Y变量),否,2298,9.266349
ID01452321,铁矿石：进口：247家钢铁企业：发货地：厂内库存消费比：明细（周度）,标的(Y变量),否,2300,13.004787
ID01452323,铁矿石：进口：247家钢铁企业：厂内库存消费比：长江沿江地区发货地：明细（周度）,标的(Y变量),否,2300,16.974335
ID01512787,铁矿石：进口：日均疏港量合计：47个港口（周度）,需求-疏港,是,1593,322.543671
ID01514830,铁矿石：港口库存：华东地区：岚山港：明细（周度）,标的(Y变量),否,3208,403.063881
ID01514831,铁矿石：港口库存：华东地区：连云港：明细（周度）,标的(Y变量),否,3212,639.533216
ID01514841,铁矿石：港口库存：华东地区：岚桥港：明细（周度）,标的(Y变量),否,3224,536.927754
ID01514885,铁矿石：港口库存：长江沿江地区：江阴港：明细（周度）,标的(Y变量),否,3211,488.446472
ID01514898,主流高品巴西粉：港口库存：长江沿江地区：江阴港：明细（周度）,标的(Y变量),否,3218,31.470103
ID01514908,铁矿石：港口库存：华北地区：天津港：明细（周度）,标的(Y变量),否,3209,876.833481
ID01514913,铁矿石：港口库存：华北地区：京唐港：明细（周度）,标的(Y变量),否,3218,1307.786746
ID01514919,铁矿石：港口库存：华北地区：黄骅港：明细（周度）,标的(Y变量),否,3221,286.572158
ID01514929,铁矿石：港口库存：华北地区：曹妃甸港：明细（周度）,标的(Y变量),否,3216,1526.257786
ID01514937,主流高品巴西粉：港口库存：华北地区：曹妃甸港：明细（周度）,标的(Y变量),否,3213,193.689511
ID01514945,铁矿石：港口库存：华东地区：日照港：明细（周度）,标的(Y变量),否,3212,1530.441389
ID01514950,铁矿石：港口库存：华东地区：青岛港：明细（周度）,标的(Y变量),否,3235,2100.636560
ID01514959,主流高品巴西粉：港口库存：华东地区：青岛港：明细（周度）,标的(Y变量),否,3217,538.770762
ID01514961,铁矿石：港口库存：15个港口：明细（周度）,标的(Y变量),否,3218,10457.838906
ID01515074,块矿：中高品位：60%Fe以上：港口库存：长江沿江地区：江阴港：明细（周度）,标的(Y变量),否,3212,56.553571
ID01515125,块矿：中高品位：60%Fe以上：港口库存：华北地区：曹妃甸港：明细（周度）,标的(Y变量),否,3211,172.705185
ID01515145,块矿：中高品位：60%Fe以上：港口库存：华东地区：青岛港：明细（周度）,标的(Y变量),否,3214,157.220513
ID01515202,铁矿石：港口库存：长江沿江地区：贸易商：江阴港：明细（周度）,标的(Y变量),否,1947,0.000000
ID01515223,铁矿石：港口库存：华北地区：贸易商：曹妃甸港：明细（周度）,标的(Y变量),否,1928,883.921131
ID01515243,铁矿石：港口库存：华东地区：贸易商：青岛港：明细（周度）,标的(Y变量),否,1932,1455.807391
ID01515442,铁精粉：港口库存：华东地区：岚山港：明细（周度）,标的(Y变量),否,3216,90.205354
ID01515453,其他精粉：港口库存：澳大利亚联邦→华东地区：岚山港：明细（周度）,标的(Y变量),否,3202,10.955381
ID01515454,铁精粉：港口库存：南非共和国→华东地区：岚山港：明细（周度）,标的(Y变量),否,3231,1.805175
ID01515456,铁精粉：港口库存：巴西联邦共和国→华东地区：岚山港：明细（周度）,标的(Y变量),否,3222,9.926511
ID01515627,铁精粉：港口库存：智利共和国→中华人民共和国：15个港口：明细（周度）,标的(Y变量),否,3212,122.856958
ID01515629,铁精粉：港口库存：巴西联邦共和国→中华人民共和国：15个港口：明细（周度）,标的(Y变量),否,3216,127.958657
ID01515636,铁精粉：港口库存：乌克兰→中华人民共和国：15个港口：明细（周度）,标的(Y变量),否,3213,129.612288
ID01515647,卡拉拉精粉：港口库存：15个港口：明细（周度）,标的(Y变量),否,3217,28.963015
ID01515664,乌克兰球团：港口库存：华北地区：贸易商：曹妃甸港：明细（周度）,标的(Y变量),否,3235,0.000000
ID01515676,乌克兰球团：港口库存：华东地区：贸易商：青岛港：明细（周度）,标的(Y变量),否,3219,5.122476
ID01515940,巴混（BRBF）：港口库存：长江沿江地区：贸易商：江阴港：明细（周度）,标的(Y变量),否,3242,0.000000
ID01515941,PB粉：港口库存：长江沿江地区：贸易商：江阴港：明细（周度）,标的(Y变量),否,3242,0.000000
ID01515947,金布巴粉：港口库存：长江沿江地区：贸易商：江阴港：明细（周度）,标的(Y变量),否,3242,0.000000
ID01515948,麦克粉：港口库存：长江沿江地区：贸易商：江阴港：明细（周度）,标的(Y变量),否,3242,0.000000
ID01515950,乌克兰球团：港口库存：长江沿江地区：贸易商：江阴港：明细（周度）,标的(Y变量),否,3242,0.000000
ID01515951,印度球团：港口库存：长江沿江地区：贸易商：江阴港：明细（周度）,标的(Y变量),否,3242,0.000000
ID01515962,超特粉：港口库存：长江沿江地区：贸易商：江阴港：明细（周度）,标的(Y变量),否,3242,0.000000
ID01515968,纽曼粉：港口库存：长江沿江地区：贸易商：江阴港：明细（周度）,标的(Y变量),否,3242,0.000000
ID01515972,FMG混合粉：港口库存：长江沿江地区：贸易商：江阴港：明细（周度）,标的(Y变量),是,3242,0.000000
ID01515973,纽曼块：港口库存：长江沿江地区：贸易商：江阴港：明细（周度）,标的(Y变量),否,3242,0.000000
ID01515975,PB块：港口库存：长江沿江地区：贸易商：江阴港：明细（周度）,标的(Y变量),否,3242,0.000000
ID01516068,麦克粉：港口库存：华北地区：贸易商：曹妃甸港：明细（周度）,标的(Y变量),否,3215,32.995446
ID01516075,金布巴粉：港口库存：华北地区：贸易商：曹妃甸港：明细（周度）,标的(Y变量),否,3206,52.273771
ID01516080,PB粉：港口库存：华北地区：贸易商：曹妃甸港：明细（周度）,标的(Y变量),否,3214,87.879810
ID01516081,巴混（BRBF）：港口库存：华北地区：贸易商：曹妃甸港：明细（周度）,标的(Y变量),否,3205,30.529766
ID01516083,PB块：港口库存：华北地区：贸易商：曹妃甸港：明细（周度）,标的(Y变量),否,3212,11.361236
ID01516086,纽曼块：港口库存：华北地区：贸易商：曹妃甸港：明细（周度）,标的(Y变量),否,3211,63.234055
ID01516092,纽曼粉：港口库存：华北地区：贸易商：曹妃甸港：明细（周度）,标的(Y变量),否,3210,30.973477
ID01516098,FMG混合粉：港口库存：华北地区：贸易商：曹妃甸港：明细（周度）,标的(Y变量),是,3210,40.082274
ID01516102,超特粉：港口库存：华北地区：贸易商：曹妃甸港：明细（周度）,标的(Y变量),否,3212,108.098857
ID01516105,印度球团：港口库存：华北地区：贸易商：曹妃甸港：明细（周度）,标的(Y变量),否,3211,20.719785
ID01516131,PB粉：港口库存：华东地区：贸易商：青岛港：明细（周度）,标的(Y变量),否,3219,108.771398
ID01516133,纽曼粉：港口库存：华东地区：贸易商：青岛港：明细（周度）,标的(Y变量),否,3209,9.224378
ID01516137,麦克粉：港口库存：华东地区：贸易商：青岛港：明细（周度）,标的(Y变量),否,3206,11.059239
ID01516144,金布巴粉：港口库存：华东地区：贸易商：青岛港：明细（周度）,标的(Y变量),否,3218,26.927181
ID01516147,巴混（BRBF）：港口库存：华东地区：贸易商：青岛港：明细（周度）,标的(Y变量),否,3209,17.650904
ID01516151,印度球团：港口库存：华东地区：贸易商：青岛港：明细（周度）,标的(Y变量),否,3217,14.433942
ID01516155,PB块：港口库存：华东地区：贸易商：青岛港：明细（周度）,标的(Y变量),否,3218,48.971886
ID01516157,超特粉：港口库存：华东地区：贸易商：青岛港：明细（周度）,标的(Y变量),否,3212,103.328204
ID01516158,纽曼块：港口库存：华东地区：贸易商：青岛港：明细（周度）,标的(Y变量),否,3212,17.779474
ID01516175,FMG混合粉：港口库存：华东地区：贸易商：青岛港：明细（周度）,标的(Y变量),是,3207,36.894344
ID01516397,纽曼块：港口库存：长江沿江地区：江阴港：明细（周度）,标的(Y变量),否,3212,16.504253
ID01516399,澳洲块矿：港口库存：长江沿江地区：江阴港：明细（周度）,标的(Y变量),否,3209,63.556818
ID01516488,澳洲块矿：港口库存：华北地区：曹妃甸港：明细（周度）,标的(Y变量),否,3213,180.725994
ID01516509,纽曼块：港口库存：华北地区：曹妃甸港：明细（周度）,标的(Y变量),否,3212,91.391018
ID01516540,澳洲块矿：港口库存：华东地区：青岛港：明细（周度）,标的(Y变量),否,3226,160.766367
ID01516542,纽曼块：港口库存：华东地区：青岛港：明细（周度）,标的(Y变量),否,3219,28.717450
ID01516562,纽曼块：港口库存：15个港口：明细（周度）,标的(Y变量),否,3211,375.875241
ID01516569,块矿：港口库存：15个港口：明细（周度）,标的(Y变量),否,3216,1664.205569
ID01516574,巴西块矿：港口库存：15个港口：明细（周度）,标的(Y变量),否,3213,220.377479
ID01516577,PB块：港口库存：15个港口：明细（周度）,标的(Y变量),否,3210,281.867991
ID01516871,麦克粉：港口库存：长江沿江地区：江阴港：明细（周度）,标的(Y变量),否,3217,11.795107
ID01516882,金布巴粉：港口库存：长江沿江地区：江阴港：明细（周度）,标的(Y变量),否,3213,15.362179
ID01516884,纽曼粉：港口库存：长江沿江地区：江阴港：明细（周度）,标的(Y变量),否,3220,11.268165
ID01516886,FMG混合粉：港口库存：长江沿江地区：江阴港：明细（周度）,标的(Y变量),是,3208,9.933108
ID01516898,巴混（BRBF）：港口库存：长江沿江地区：江阴港：明细（周度）,标的(Y变量),否,3213,13.582387
ID01517013,金布巴粉：港口库存：华北地区：曹妃甸港：明细（周度）,标的(Y变量),否,3210,67.322321
ID01517019,麦克粉：港口库存：华北地区：曹妃甸港：明细（周度）,标的(Y变量),否,3214,48.201475
ID01517021,纽曼粉：港口库存：华北地区：曹妃甸港：明细（周度）,标的(Y变量),否,3219,44.335713
ID01517032,FMG混合粉：港口库存：华北地区：曹妃甸港：明细（周度）,标的(Y变量),是,3214,49.321434
ID01517033,巴混（BRBF）：港口库存：华北地区：曹妃甸港：明细（周度）,标的(Y变量),否,3205,33.321766
ID01517084,麦克粉：港口库存：华东地区：青岛港：明细（周度）,标的(Y变量),否,3209,21.710545
ID01517086,金布巴粉：港口库存：华东地区：青岛港：明细（周度）,标的(Y变量),否,3221,40.195598
ID01517105,纽曼粉：港口库存：华东地区：青岛港：明细（周度）,标的(Y变量),否,3212,16.392989
ID01517108,FMG混合粉：港口库存：华东地区：青岛港：明细（周度）,标的(Y变量),是,3216,48.809705
ID01517115,超特粉：港口库存：15个港口：明细（周度）,标的(Y变量),否,3218,602.819748
ID01517122,纽曼粉：港口库存：15个港口：明细（周度）,标的(Y变量),否,3217,247.709649
ID01517123,高硅巴粗：港口库存：15个港口：明细（周度）,标的(Y变量),否,3212,634.149751
ID01517125,巴混（BRBF）：港口库存：华东地区：青岛港：明细（周度）,标的(Y变量),否,3211,19.047101
ID01517134,FMG混合粉：港口库存：15个港口：明细（周度）,标的(Y变量),是,3222,399.025354
ID01517146,巴混（BRBF）：港口库存：15个港口：明细（周度）,标的(Y变量),否,3212,159.215115
ID01517147,粉矿：港口库存：15个港口：明细（周度）,标的(Y变量),否,3216,7617.201536
ID01517148,金布巴粉：港口库存：15个港口：明细（周度）,标的(Y变量),否,3218,391.914074
ID01517151,麦克粉：港口库存：15个港口：明细（周度）,标的(Y变量),否,3213,258.266670
ID01517154,托克粉：港口库存：15个港口：明细（周度）,标的(Y变量),否,3209,59.794157
ID01517161,PB粉：港口库存：15个港口：明细（周度）,标的(Y变量),否,3217,898.191237
ID01517190,卡拉加斯粉：港口库存：长江沿江地区：贸易商：江阴港：明细（周度）,标的(Y变量),否,3242,0.000000
ID01517201,卡拉加斯粉：港口库存：华北地区：贸易商：曹妃甸港：明细（周度）,标的(Y变量),否,3219,117.333116
ID01517207,卡拉加斯粉：港口库存：华东地区：贸易商：青岛港：明细（周度）,标的(Y变量),否,3221,470.118016
ID01517209,卡拉加斯粉：港口库存：15个港口：钢铁企业：明细（周度）,标的(Y变量),否,3212,131.215159
ID01517210,卡拉加斯粉：港口库存：15个港口：贸易商：明细（周度）,标的(Y变量),否,3219,817.762336
ID01517227,卡拉加斯粉：港口库存：15个港口：明细（周度）,标的(Y变量),否,3217,1053.907777
ID01529790,液态铁：产能利用率：陕西省（周度）,需求-开工率,否,3314,86.674493
ID01529795,液态铁：限产影响日均产量：陕西省（周度）,供应-产量,否,3333,0.154314
ID01529799,液态铁：日均产量：陕西省（周度）,供应-产量,否,3315,2.571529
ID01529803,液态铁：停产影响日均产量：陕西省（周度）,供应-产量,否,3313,0.282741
ID01529813,高炉：开工率：陕西省（周度）,需求-开工率,否,2631,88.841087
ID01529831,液态铁：日均产量：湖北省（周度）,供应-产量,否,3307,6.809737
ID01529835,液态铁：停产影响日均产量：湖北省（周度）,供应-产量,否,3309,0.521324
ID01529839,液态铁：限产影响日均产量：湖北省（周度）,供应-产量,否,3324,0.281610
ID01529843,液态铁：产能利用率：湖北省（周度）,需求-开工率,否,3314,93.425727
ID01529844,高炉：开工率：湖北省（周度）,需求-开工率,否,2637,93.811111
ID01529850,高炉：开工率：河南省（周度）,需求-开工率,否,2661,79.779684
ID01529851,液态铁：限产影响日均产量：河南省（周度）,供应-产量,否,3326,0.377679
ID01529855,液态铁：日均产量：河南省（周度）,供应-产量,否,3327,7.068458
ID01529856,液态铁：限产影响日均产量：河北省（周度）,供应-产量,否,3330,1.362706
ID01529857,液态铁：产能利用率：河南省（周度）,需求-开工率,否,3328,79.176587
ID01529858,高炉：开工率：河北省（周度）,需求-开工率,否,2667,75.507848
ID01529859,高炉：开工率：江西省（周度）,需求-开工率,否,2675,96.695327
ID01529860,液态铁：产能利用率：江苏省（周度）,需求-开工率,否,3325,91.504583
ID01529861,液态铁：限产影响日均产量：江西省（周度）,供应-产量,否,3336,0.167500
ID01529862,液态铁：停产影响日均产量：河北省（周度）,供应-产量,否,3338,12.515542
ID01529863,液态铁：限产影响日均产量：江苏省（周度）,供应-产量,否,3320,0.719581
ID01529864,液态铁：日均产量：江西省（周度）,供应-产量,否,3331,6.226151
ID01529866,液态铁：日均产量：河北省（周度）,供应-产量,否,3332,55.086218
ID01529867,液态铁：产能利用率：河北省（周度）,需求-开工率,否,3330,84.982117
ID01529869,液态铁：产能利用率：江西省（周度）,需求-开工率,否,3331,94.493660
ID01529872,液态铁：日均产量：江苏省（周度）,供应-产量,否,3327,27.221981
ID01529873,高炉：开工率：江苏省（周度）,需求-开工率,否,2658,87.971362
ID01529874,液态铁：停产影响日均产量：江西省（周度）,供应-产量,否,3318,0.178764
ID01529878,液态铁：停产影响日均产量：江苏省（周度）,供应-产量,否,3321,2.735513
ID01529893,高炉：开工率：山西省（周度）,需求-开工率,否,2675,81.863121
ID01529895,高炉：开工率：山东省（周度）,需求-开工率,否,2661,76.116941
ID01529896,液态铁：限产影响日均产量：山西省（周度）,供应-产量,否,3332,0.317695
ID01529897,液态铁：停产影响日均产量：山西省（周度）,供应-产量,否,3346,2.391686
ID01529898,液态铁：日均产量：山西省（周度）,供应-产量,否,3327,14.461280
ID01529899,液态铁：产能利用率：山西省（周度）,需求-开工率,否,3327,84.778133
ID01529902,液态铁：产能利用率：山东省（周度）,需求-开工率,否,3322,77.242538
ID01529903,液态铁：日均产量：山东省（周度）,供应-产量,否,3324,19.057693
ID01529904,高炉：开工率：安徽省（周度）,需求-开工率,否,2659,88.763388
ID01529905,液态铁：限产影响日均产量：安徽省（周度）,供应-产量,否,3327,0.000000
ID01529906,液态铁：产能利用率：安徽省（周度）,需求-开工率,否,3320,95.744669
ID01529909,液态铁：停产影响日均产量：安徽省（周度）,供应-产量,否,3316,0.638414
ID01529911,液态铁：日均产量：安徽省（周度）,供应-产量,否,3317,7.878818
ID01529931,高炉：开工率：内蒙古自治区（周度）,需求-开工率,否,2658,82.284330
ID01529932,液态铁：限产影响日均产量：内蒙古自治区（周度）,供应-产量,否,3320,0.318205
ID01529940,液态铁：停产影响日均产量：内蒙古自治区（周度）,供应-产量,否,3316,0.785558
ID01529941,液态铁：日均产量：内蒙古自治区（周度）,供应-产量,否,3324,6.279898
ID01529956,液态铁：产能利用率：内蒙古自治区（周度）,需求-开工率,否,3324,86.332064
ID01529972,高炉：开工率：华北地区（周度）,需求-开工率,否,2673,76.044153
ID01529973,液态铁：限产影响日均产量：华北地区（周度）,供应-产量,否,3334,2.380567
ID01529974,液态铁：停产影响日均产量：华北地区（周度）,供应-产量,否,3341,19.544083
ID01529975,液态铁：日均产量：华北地区（周度）,供应-产量,否,3330,87.865715
ID01529976,液态铁：产能利用率：华北地区（周度）,需求-开工率,否,3331,84.030042
ID01529986,高炉：开工率：华东地区（周度）,需求-开工率,否,2657,85.162939
ID01529987,液态铁：限产影响日均产量：华东地区（周度）,供应-产量,否,3322,2.450072
ID01529991,液态铁：停产影响日均产量：华东地区（周度）,供应-产量,否,3322,8.460084
ID01529995,液态铁：日均产量：华东地区（周度）,供应-产量,否,3322,69.660578
ID01529996,液态铁：产能利用率：华东地区（周度）,需求-开工率,否,3323,87.361186
ID01562183,粉矿：到港量：47个港口：明细（周度）,供应-到港,否,1940,1255.815670
ID01562207,块矿：到港量：47个港口：明细（周度）,供应-到港,否,1934,289.272234
ID01562208,铁精粉：62%Fe以上：到港量：47个港口：明细（周度）,供应-到港,否,1936,86.106921
ID01562238,球团矿：62%Fe以上：到港量：47个港口：明细（周度）,供应-到港,否,1924,0.000000
ID01562367,纽曼块：到港量：47个港口：澳大利亚必和必拓集团：明细（周度）,供应-到港,是,1938,136.485552
ID01562375,金布巴粉：到港量：47个港口：澳大利亚必和必拓集团：明细（周度）,供应-到港,是,1939,94.437855
ID01562377,纽曼粉：到港量：47个港口：澳大利亚必和必拓集团：明细（周度）,供应-到港,是,1939,97.159360
ID01562379,麦克粉：到港量：47个港口：澳大利亚必和必拓集团：明细（周度）,供应-到港,是,1936,120.786364
ID01562389,超特粉：到港量：47个港口：福蒂斯丘金属集团：明细（周度）,供应-到港,否,1939,129.186385
ID01562393,CSN粗粉：到港量：47个港口：巴西国家黑色冶金（巴西国家钢铁公司）：明细（周度）,供应-到港,否,1935,46.611680
ID01562395,CSN精粉：到港量：47个港口：巴西国家黑色冶金（巴西国家钢铁公司）：明细（周度）,供应-到港,否,1935,4.251318
ID01562396,PB块：到港量：47个港口：力拓集团：明细（周度）,供应-到港,是,1941,121.954920
ID01562397,PB粉：到港量：47个港口：力拓集团：明细（周度）,供应-到港,是,1940,264.354124
ID01562398,卡拉加斯粉：到港量：47个港口：巴西淡水河谷公司：明细（周度）,供应-到港,是,1934,242.888314
ID01565061,铁矿石：到港量：47个港口（周度）,供应-到港,否,1576,2468.653173
ID01841222,铁桥精粉：预计到港量：中国港口：福蒂斯丘金属集团：明细（周度）,供应-到港,否,706,11.438102
ID02017485,铁矿石：进口：日均疏港量：长江沿江地区：45个港口（周度）,标的(Y变量),是,3756,64.488685
ID02017503,铁矿石：进口：日均疏港量：华北地区：45个港口（周度）,标的(Y变量),是,3748,93.761443
ID02017509,铁矿石：进口：日均疏港量：华南地区：45个港口（周度）,标的(Y变量),是,3756,25.839776
ID02017513,铁矿石：进口：日均疏港量：华东地区：45个港口（周度）,标的(Y变量),是,3752,92.663833
ID02017521,铁矿石：进口：日均疏港量：长江沿江地区：41个港口（周度）,需求-疏港,是,3756,63.614252
ID02017522,铁矿石：进口：日均疏港量：东北地区：45个港口（周度）,标的(Y变量),是,3757,17.987349
ID02017530,铁矿石：进口：日均疏港量：华南地区：41个港口（周度）,需求-疏港,是,3756,25.834438
ID02017543,铁矿石：进口：库存：华北地区：41个港口（周度）,标的(Y变量),否,3756,4146.793357
ID02017548,铁矿石：进口：日均疏港量：华东地区：41个港口（周度）,需求-疏港,是,3752,85.283977
ID02017551,铁矿石：进口：日均疏港量：华北地区：41个港口（周度）,需求-疏港,是,3748,93.761443
ID02017554,铁矿石：进口：日均疏港量：东北地区：41个港口（周度）,需求-疏港,是,3757,17.987349
ID02017568,铁矿石：进口：日均疏港量：长江沿江地区：31个港口（周度）,需求-疏港,是,3749,51.545412
ID02017574,铁矿石：进口：日均疏港量：华北地区：31个港口（周度）,需求-疏港,是,3742,81.490909
ID02017581,铁矿石：进口：日均疏港量：华东地区：31个港口（周度）,需求-疏港,是,3755,84.336746
ID02017587,铁矿石：进口：日均疏港量：华南地区：31个港口（周度）,需求-疏港,是,3755,25.205862
ID02017594,铁矿石：进口：日均疏港量：东北地区：31个港口（周度）,需求-疏港,是,3757,16.642577
ID02039104,澳洲&巴西铁矿石：发货量（周度）,供应-发货量,否,2491,2490.060136
ID02039109,铁矿石：澳大利亚联邦产区：发货量：澳大利亚联邦→中华人民共和国（周度）,供应-发货量,否,2209,1509.109190
ID02049116,巴粗（IOC6）：港口库存：15个港口：明细（周度）,标的(Y变量),否,1209,80.542142
ID02049353,铁精粉：高品位：64%Fe以上：港口库存：华东地区：岚山港：明细（周度）,标的(Y变量),否,1207,117.887100
ID02049409,块矿：中高品位：60-64%Fe：港口库存：长江沿江地区：江阴港：明细（周度）,标的(Y变量),否,1209,42.640604
ID02049413,块矿：中高品位：60-64%Fe：港口库存：华北地区：曹妃甸港：明细（周度）,标的(Y变量),否,1207,149.495336
ID02049417,块矿：中高品位：60-64%Fe：港口库存：华东地区：青岛港：明细（周度）,标的(Y变量),否,1206,159.761642
ID02226562,CSN块：到港量：45个港口：巴西国家黑色冶金（巴西国家钢铁公司）：明细（周度）,标的(Y变量),是,188,4.293085
ID02226563,CSN块：到港量：47个港口：巴西国家黑色冶金（巴西国家钢铁公司）：明细（周度）,供应-到港,否,187,4.575401
ID02338936,粉矿：压港量：45个港口：明细（周度）,标的(Y变量),是,1211,974.893972
ID02338942,块矿：压港量：45个港口：明细（周度）,标的(Y变量),是,1206,238.293532
ID02338946,铁精粉：62%Fe以上：压港量：45个港口：明细（周度）,标的(Y变量),是,1208,68.123179
ID02338956,球团矿：62%Fe以上：压港量：45个港口：明细（周度）,标的(Y变量),是,1211,0.000000
ID02339469,大杨迪粉：压港量：45个港口：力拓集团：明细（周度）,标的(Y变量),是,1204,14.458472
ID02339576,金布巴粉：压港量：曹妃甸港：澳大利亚必和必拓集团：明细（周度）,供应-矿山,是,1206,12.404892
ID02339577,麦克粉：压港量：曹妃甸港：澳大利亚必和必拓集团：明细（周度）,供应-矿山,是,1207,12.763960
ID02339580,FMG混合粉：压港量：曹妃甸港：福蒂斯丘金属集团：明细（周度）,供应-矿山,是,1209,9.043342
ID02339582,纽曼粉：压港量：曹妃甸港：澳大利亚必和必拓集团：明细（周度）,供应-矿山,是,1210,9.759587
ID02339583,超特粉：压港量：曹妃甸港：福蒂斯丘金属集团：明细（周度）,供需-海漂压港,否,1210,10.107190
ID02339599,PB粉：压港量：曹妃甸港：力拓集团：明细（周度）,供应-矿山,是,1208,17.726325
ID02339602,PB块：压港量：曹妃甸港：力拓集团：明细（周度）,供应-矿山,是,1207,6.777713
ID02339619,卡拉加斯粉：压港量：曹妃甸港：巴西淡水河谷公司：明细（周度）,供应-矿山,是,1210,29.598512
ID02339970,金布巴粉：压港量：江阴港：澳大利亚必和必拓集团：明细（周度）,供应-矿山,是,1204,0.000000
ID02339971,麦克粉：压港量：江阴港：澳大利亚必和必拓集团：明细（周度）,供应-矿山,是,1207,0.000000
ID02339973,超特粉：压港量：江阴港：福蒂斯丘金属集团：明细（周度）,供需-海漂压港,否,1207,1.077796
ID02339982,纽曼粉：压港量：江阴港：澳大利亚必和必拓集团：明细（周度）,供应-矿山,是,1212,0.000000
ID02339984,FMG混合粉：压港量：江阴港：福蒂斯丘金属集团：明细（周度）,供应-矿山,是,1205,1.176929
ID02339994,PB粉：压港量：江阴港：力拓集团：明细（周度）,供应-矿山,是,1207,2.112013
ID02339997,PB块：压港量：江阴港：力拓集团：明细（周度）,供应-矿山,是,1202,1.341847
ID02340003,卡拉加斯粉：压港量：江阴港：巴西淡水河谷公司：明细（周度）,供应-矿山,是,1203,0.000000
ID02340764,麦克粉：压港量：青岛港：澳大利亚必和必拓集团：明细（周度）,供应-矿山,是,1202,3.288103
ID02340765,金布巴粉：压港量：青岛港：澳大利亚必和必拓集团：明细（周度）,供应-矿山,是,1210,3.195289
ID02340766,纽曼粉：压港量：青岛港：澳大利亚必和必拓集团：明细（周度）,供应-矿山,是,1211,2.412139
ID02340770,超特粉：压港量：青岛港：福蒂斯丘金属集团：明细（周度）,供需-海漂压港,否,1207,8.329329
ID02340771,FMG混合粉：压港量：青岛港：福蒂斯丘金属集团：明细（周度）,供应-矿山,是,1205,6.636929
ID02340780,PB块：压港量：青岛港：力拓集团：明细（周度）,供应-矿山,是,1209,10.765178
ID02340784,PB粉：压港量：青岛港：力拓集团：明细（周度）,供应-矿山,是,1206,18.481012
ID02340800,卡拉加斯粉：压港量：青岛港：巴西淡水河谷公司：明细（周度）,供应-矿山,是,1212,32.902888
ID02341636,铁矿石：压港量：曹妃甸港：巴西联邦共和国：明细（周度）,供应-矿山,否,1207,61.417150
ID02341638,铁矿石：压港量：曹妃甸港：澳大利亚联邦：明细（周度）,价格-矿石价格,否,1208,128.400414
ID02341870,铁矿石：压港量：江阴港：巴西联邦共和国：明细（周度）,供应-矿山,否,1209,3.069644
ID02341871,铁矿石：压港量：江阴港：澳大利亚联邦：明细（周度）,价格-矿石价格,否,1207,14.275891
ID02342020,铁矿石：压港量：岚山港：乌克兰：明细（周度）,价格-矿石价格,否,1207,4.776636
ID02342335,铁矿石：压港量：青岛港：巴西联邦共和国：明细（周度）,供应-矿山,否,1209,62.533251
ID02342343,铁矿石：压港量：青岛港：澳大利亚联邦：明细（周度）,价格-矿石价格,否,1206,75.509536
ID02342745,铁矿石：压港量：45个港口：明细（周度）,标的(Y变量),是,1210,1624.674711
IO_SHIP_EST_AUS_017,铁矿石全球非主流矿山发运至中国发运,供应-发运,否,2206,790.974416
IO_SHIP_EST_GLOB_006,铁矿石全球发至中国总量,价格-矿石价格,否,2203,2436.161821
IO_SHIP_RATE_BRA_CN_029,铁矿石淡水河谷发中国比例,供应-矿山,是,2298,0.653345
IO_SHIP_VOL_CTF_004,铁矿石全球发运超特粉发运比例,供应-发运,否,2006,0.044228
IO_SHIP_VOL_CTF_014,铁矿石超特粉发中国,价格-矿石价格,否,2660,118.804075
IO_SHIP_VOL_CTF_015,铁矿石超特粉发中国比例,价格-矿石价格,否,2828,0.919194
IO_SHIP_VOL_GLOB_016,铁矿石淡水河谷发中国总量,供应-矿山,是,2296,342.989229
IO_SHIP_VOL_KLF_012,铁矿石卡粉对中国发运量,供应-发运,否,2295,204.000193
IO_SHIP_VOL_OTHER_028,热卷总库存,标的(Y变量),否,2086,386.029684
IO_SHIP_VOL_PBB_002,铁矿石全球发运PB块发运比例,供应-发运,否,2012,0.043354
IO_SHIP_VOL_PBB_011,铁矿石PB块对中国发运量,供应-发运,否,2669,110.264477
IO_SHIP_VOL_PBF_001,铁矿石全球发运PB粉发运比例,供应-发运,否,2009,0.083659
IO_SHIP_VOL_PBF_009,铁矿石PB粉对中国发运量,供应-发运,否,2662,209.363678
RE00034096,罗伊山块：发货量：澳大利亚联邦：明细（周度）,供应-发货量,否,2656,46.374586
RE00034097,FMG块矿：发货量：澳大利亚联邦：明细（周度）,供应-发货量,是,2666,18.990435
RE00034100,罗伊山粉：发货量：澳大利亚联邦：明细（周度）,供应-发货量,否,2656,64.115248
RE00034103,铁矿石：发货量：澳大利亚联邦：澳大利亚罗伊山矿业公司：明细（周度）,供应-发货量,否,2656,113.944541
RE00034140,PB粉：预计到港量：澳大利亚联邦：明细（周度）,供应-到港,否,2645,253.707940
RE00034142,西皮尔巴拉粉：预计到港量：澳大利亚联邦：明细（周度）,供应-到港,否,2650,26.387509
RE00034149,PB块：预计到港量：澳大利亚联邦：明细（周度）,供应-到港,否,2646,118.290287
RE00034150,超特粉：预计到港量：澳大利亚联邦：明细（周度）,供应-到港,否,2642,118.716351
RE00034153,FMG块矿：预计到港量：澳大利亚联邦：明细（周度）,供应-到港,是,2646,17.415684
RE00034182,卡拉加斯粉：发货量：巴西联邦共和国：明细（周度）,供应-发货量,否,2655,314.337966
RE00035602,超特粉：发货量：澳大利亚联邦：明细（周度）,供应-发货量,否,2666,130.183672
RE00035603,麦克粉：发货量：澳大利亚联邦：明细（周度）,供应-发货量,否,2665,113.983640
RE00035609,FMG混合粉：发货量：澳大利亚联邦：明细（周度）,供应-发货量,是,2664,141.771134
RE00035610,PB块：发货量：澳大利亚联邦：明细（周度）,供应-发货量,否,2671,137.953575
RE00035614,纽曼粉：发货量：澳大利亚联邦：明细（周度）,供应-发货量,否,2667,97.009899
RE00035616,纽曼块：发货量：澳大利亚联邦：明细（周度）,供应-发货量,否,2668,160.916417
RE00035619,金布巴粉：发货量：澳大利亚联邦：明细（周度）,供应-发货量,否,2665,90.428968
RE00035620,PB粉：发货量：澳大利亚联邦：明细（周度）,供应-发货量,否,2668,261.598988
add4d4ec-2f7c-4006-baa6-26ea8abc2f9a,中国市场废钢铁（中国货源）周度消费量,需求-消费,否,3023,102.463610
ead50773-54f9-447c-8dbc-861b99b28672,中国废钢铁周度消费结构,需求-消费,否,2153,14.482546
2c616137-d41c-4c27-9e2a-7ebda4455e30,中国生铁月度产量（国家统计局）,供应-产量,否,3747,6759.943243
92346,中国汽车月度产量,供应-产量,否,3748,238.101833
CM0000285625,铁矿石：进口数量：巴西联邦共和国→中华人民共和国（月度）,供应-矿山,否,3744,20114071.744341
CM0000519844,钢材：出口数量合计：中华人民共和国（月度）,其他,否,3751,6951056.664160
G0002323,美国：ISM：制造业PMI,宏观-PMI,是,3751,52.916716
ID00186565_month,铁矿石：发货量：澳大利亚必和必拓集团→中华人民共和国（月度）,供应-发货量,是,3726,1945.528859
ID00313187,世界钢铁工业协会：高炉生铁：产量：中华人民共和国（月度）,供应-产量,否,3747,68531.930344
ID00313190,世界钢铁工业协会：高炉生铁：产量：亚洲（月度）,供应-产量,否,3752,85664.440299
ID00313193,世界钢铁工业协会：高炉生铁：产量：全球（月度）,供应-产量,否,3753,104839.669065
ID00313194,世界钢铁工业协会：高炉生铁：产量：欧洲其他国家（月度）,供应-产量,否,3717,1173.768362
ID00313197,世界钢铁工业协会：高炉生铁：产量：北美地区（月度）,供应-产量,否,3716,2512.574543
ID00313198,世界钢铁工业协会：高炉生铁：产量：南美洲（月度）,供应-产量,否,3704,2462.251080
ID00313199,世界钢铁工业协会：高炉生铁：产量：非洲南部（月度）,供应-产量,否,3712,267.686153
ID00313200,世界钢铁工业协会：高炉生铁：产量：印度共和国（月度）,供应-产量,否,3720,6498.792204
ID00313206,世界钢铁工业协会：高炉生铁：产量：大洋洲（月度）,供应-产量,否,3714,351.273829
ID00313215,世界钢铁工业协会：高炉生铁：产量：日本国（月度）,供应-产量,否,3702,5720.677472
ID00313217,世界钢铁工业协会：高炉生铁：产量：欧盟27国（月度）,供应-产量,否,3705,6388.267206
ID00313230,世界钢铁工业协会：高炉生铁：产量：大韩民国（月度）,供应-产量,否,3714,3782.956381
ID01029285,世界钢铁工业协会：高炉生铁：产量：欧盟其他国家（月度）,供应-产量,否,3716,1017.253229
ID01155775_month,铁矿石：发货量：澳大利亚联邦：澳大利亚必和必拓集团（月度）,供应-发货量,是,2792,2369.259420
ID01155776_month,铁矿石：发货量：澳大利亚联邦：福蒂斯丘金属集团（月度）,供应-发货量,否,2798,1526.573306
ID01168294_month,铁矿石：发货量：全球（月度）,供应-发货量,否,1981,13068.348713
ID01464573,澳洲&巴西铁矿石：发货量（月度）,供应-发货量,否,1900,10900.320526
ID01464575,液态铁：247家钢铁企业：产量：中华人民共和国（月度）,供应-产量,否,1899,7059.499737
ID01562146_month,铁矿石：到港量：澳大利亚联邦：47个港口：明细（月度）,供应-到港,否,1893,6824.676492
ID01562389_month,超特粉：到港量：47个港口：福蒂斯丘金属集团：明细（月度）,供应-到港,否,1905,560.334121
ID01562396_month,PB块：到港量：47个港口：力拓集团：明细（月度）,供应-到港,是,1898,530.494310
ID01562397_month,PB粉：到港量：47个港口：力拓集团：明细（月度）,供应-到港,是,1903,1147.055859
ID01562398_month,卡拉加斯粉：到港量：47个港口：巴西淡水河谷公司：明细（月度）,供应-到港,是,1900,1055.668316
ID01565061_month,铁矿石：到港量：47个港口（月度）,供应-到港,否,1565,10553.307923
ID01722074,我的钢铁网：高炉生铁：日均产量：全球（不含中国大陆）（月度）,供应-产量,否,1546,116.511701
ID01722075,我的钢铁网：高炉生铁：产量：全球（不含中国大陆）（月度）,供应-产量,否,1542,3541.044835
ID01722076,我的钢铁网：高炉生铁：日均产量：全球（月度）,供应-产量,否,1542,349.539287
ID01722077,我的钢铁网：高炉生铁：产量：全球（月度）,供应-产量,否,1544,10627.277005
IO_SHIP_EST_AUS_017_month,铁矿石非主流矿山到中国发运（月度）,供应-发运,否,2169,3428.842608
IO_SHIP_EST_GLOB_006_month,铁矿石全球发中国总量（月度）,价格-矿石价格,否,2195,10554.673933
IO_SHIP_VOL_CTF_014_month,铁矿石超特粉发中国（月度）,价格-矿石价格,否,2654,510.174075
IO_SHIP_VOL_GLOB_016_month,铁矿石淡水河谷发中国总量（月度）,供应-矿山,是,2259,1487.964070
IO_SHIP_VOL_PBB_011_month,铁矿石PB块发中国（月度）,价格-矿石价格,否,2655,474.491758
IO_SHIP_VOL_PBF_009_month,铁矿石PB粉发中国（月度）,价格-矿石价格,否,2649,900.605917
M0000070,中国：工业增加值：规模以上工业企业：黑色金属冶炼及压延加工业：当月同比,其他,否,3755,3.756485
M0000071,中国：工业增加值：规模以上工业企业：黑色金属冶炼及压延加工业：累计同比,其他,否,3777,4.348663
M0000357,中国：固定资产投资完成额：制造业：累计同比,宏观-投资,否,3780,6.116284
M0000612,中国：CPI：当月同比,宏观-GDP,否,3749,1.436561
M0001227,中国：PPI：当月同比,宏观-GDP,否,3747,0.970083
M0001382,中国：M1,宏观-货币,否,3783,682693.802693
M0001384,中国：M2,宏观-货币,否,3747,2318462.280144
M0017126,中国：制造业PMI,宏观-PMI,是,3781,50.190875
M5525763,中国：社会融资规模存量：同比,其他,否,3760,11.022799
M5531328,中国固定资产投资完成额：基础设施投资额：累计同比,宏观-投资,否,3777,8.076992
RE00034182_month,卡拉加斯粉：发货量：巴西联邦共和国：明细（月度）,供应-发货量,否,2621,1366.015605
RE00035602_month,超特粉：发货量：澳大利亚联邦：明细（月度）,供应-发货量,否,2649,558.492261
RE00035610_month,PB块：发货量：澳大利亚联邦：明细（月度）,供应-发货量,否,2651,593.802263
RE00035620_month,PB粉：发货量：澳大利亚联邦：明细（月度）,供应-发货量,否,2652,1124.475980
S0027374,中国：产量：粗钢：当月值,供应-产量,否,3759,8005.662580
S0028202,中国：产量：空调：当月值,供应-产量,否,3749,1923.863409
S0028206,中国：产量：家用电冰箱：当月值,供应-产量,否,3755,802.477444
S0028210,中国：产量：家用洗衣机：当月值,供应-产量,否,3753,793.312920
S0029325,天津：产量：粗钢：当月值,供应-产量,否,3751,152.466601
S0029332,河北：产量：粗钢：当月值,供应-产量,否,3760,1759.390383
S0029339,山西：产量：粗钢：当月值,供应-产量,否,3759,470.109941
S0029346,内蒙古：产量：粗钢：当月值,供应-产量,否,3754,233.058833
S0029353,辽宁：产量：粗钢：当月值,供应-产量,否,3754,585.458434
S0029360,吉林：产量：粗钢：当月值,供应-产量,否,3757,109.881230
S0029367,黑龙江：产量：粗钢：当月值,供应-产量,否,3751,69.162559
S0029374,上海：产量：粗钢：当月值,供应-产量,否,3762,134.159474
S0029381,江苏：产量：粗钢：当月值,供应-产量,否,3766,948.933555
S0029388,浙江：产量：粗钢：当月值,供应-产量,否,3758,116.636570
S0029395,安徽：产量：粗钢：当月值,供应-产量,否,3766,279.697252
S0029402,福建：产量：粗钢：当月值,供应-产量,否,3775,218.540087
S0029409,江西：产量：粗钢：当月值,供应-产量,否,3751,217.618222
S0029416,山东：产量：粗钢：当月值,供应-产量,否,3753,610.544503
S0029423,河南：产量：粗钢：当月值,供应-产量,否,3758,250.627347
S0029430,湖北：产量：粗钢：当月值,供应-产量,否,3764,277.925308
S0029437,湖南：产量：粗钢：当月值,供应-产量,否,3759,193.905962
S0029444,广东：产量：粗钢：当月值,供应-产量,否,3755,277.209292
S0029451,广西：产量：粗钢：当月值,供应-产量,否,3775,257.949611
S0029465,重庆：产量：粗钢：当月值,供应-产量,否,3766,65.400648
S0029472,四川：产量：粗钢：当月值,供应-产量,否,3753,220.659656
S0029479,贵州：产量：粗钢：当月值,供应-产量,否,3760,41.044069
S0029486,云南：产量：粗钢：当月值,供应-产量,否,3756,171.651230
S0029500,陕西：产量：粗钢：当月值,供应-产量,否,3762,111.808386
S0029507,甘肃：产量：粗钢：当月值,供应-产量,否,3768,76.712550
S0029514,青海：产量：粗钢：当月值,供应-产量,否,3759,11.993067
S0029521,宁夏：产量：粗钢：当月值,供应-产量,否,3750,35.981216
S0029528,新疆：产量：粗钢：当月值,供应-产量,否,3752,100.812926
S0029656,中国：房地产开发投资完成额：累计值,宏观-投资,否,3777,69945.632645
S0029658,中国：商品房销售面积：累计值,其他,否,3777,82622.989946
S0029668,中国：房屋施工面积：累计值,宏观-地产,否,3777,759886.576967
S0029669,中国：房屋新开工面积：累计值,宏观-地产,否,3777,91097.539707
S0029670,中国：房屋竣工面积：累计值,宏观-地产,否,3767,44486.371239
S0063581,天津：产量：生铁：当月值,供应-产量,否,3751,155.704535
S0063582,河北：产量：生铁：当月值,供应-产量,否,3754,1623.012914
S0063583,山西：产量：生铁：当月值,供应-产量,否,3755,430.908858
S0063584,内蒙古：产量：生铁：当月值,供应-产量,否,3754,172.785618
S0063585,辽宁：产量：生铁：当月值,供应-产量,否,3748,554.288954
S0063586,吉林：产量：生铁：当月值,供应-产量,否,3748,100.398933
S0063587,黑龙江：产量：生铁：当月值,供应-产量,否,3749,62.351480
S0063588,上海：产量：生铁：当月值,供应-产量,否,3762,123.264187
S0063589,江苏：产量：生铁：当月值,供应-产量,否,3765,706.513965
S0063590,浙江：产量：生铁：当月值,供应-产量,否,3756,69.847085
S0063591,安徽：产量：生铁：当月值,供应-产量,否,3758,219.144308
S0063592,福建：产量：生铁：当月值,供应-产量,否,3758,102.955804
S0063593,江西：产量：生铁：当月值,供应-产量,否,3751,195.933706
S0063594,山东：产量：生铁：当月值,供应-产量,否,3758,585.828015
S0063595,河南：产量：生铁：当月值,供应-产量,否,3750,222.710981
S0063596,湖北：产量：生铁：当月值,供应-产量,否,3768,216.809453
S0063597,湖南：产量：生铁：当月值,供应-产量,否,3753,168.535969
S0063598,广东：产量：生铁：当月值,供应-产量,否,3757,179.681914
S0063599,广西：产量：生铁：当月值,供应-产量,否,3767,200.839294
S0063601,重庆：产量：生铁：当月值,供应-产量,否,3769,47.509050
S0063602,四川：产量：生铁：当月值,供应-产量,否,3751,168.089512
S0063603,贵州：产量：生铁：当月值,供应-产量,否,3764,31.138798
S0063604,云南：产量：生铁：当月值,供应-产量,否,3754,129.671851
S0063605,陕西：产量：生铁：当月值,供应-产量,否,3750,92.800088
S0063606,甘肃：产量：生铁：当月值,供应-产量,否,3763,56.764502
S0063607,青海：产量：生铁：当月值,供应-产量,否,3758,10.410420
S0063608,宁夏：产量：生铁：当月值,供应-产量,否,3759,25.194230
S0063609,新疆：产量：生铁：当月值,供应-产量,否,3752,90.192521
S0073088,中国：产量：挖掘机：当月值,供应-产量,否,3759,24447.445065
ID00184088_quarter,247家钢铁企业：液态铁：日均产量：中华人民共和国（季度）,供应-产量,否,3764,20716.156044
ID00185747,PB粉：产量：力拓集团（季度）,供应-产量,是,3761,36614.012763
ID00185749,PB粉：销售数量：力拓集团（季度）,供应-矿山,是,3760,35762.457713
ID00185751,PB块：产量：力拓集团（季度）,供应-产量,是,3763,24642.421472
ID00185753,PB块：销售数量：力拓集团（季度）,供应-矿山,是,3765,18788.327756
ID00186193,块矿：85%Fe：销售数量：澳大利亚必和必拓集团（季度）,供应-矿山,是,3759,16923.432562
ID00186280,罗布河粉：产量：力拓集团（季度）,供应-产量,是,3761,4623.978729
ID00186281,罗布河粉：销售数量：力拓集团（以股份占比计）（季度）,供应-矿山,是,3761,2705.760968
ID00186282,罗布河粉：销售数量：力拓集团（季度）,供应-矿山,是,3761,5105.093592
ID00186284,罗布河块：产量：力拓集团（季度）,供应-产量,是,3767,2741.260950
ID00186285,罗布河块：销售数量：力拓集团（以股份占比计）（季度）,供应-矿山,是,3767,1198.195912
ID00186286,罗布河块：销售数量：力拓集团（季度）,供应-矿山,是,3767,2260.794001
ID00186408,铁精粉：85%Fe：销售数量：澳大利亚必和必拓集团（季度）,供应-矿山,是,3760,44339.180319
ID00186666,铁矿石：产量：澳大利亚必和必拓集团：100%股权（季度）,供应-产量,是,3756,69754.685570
ID00186669,铁矿石：产量：巴西北方地区：巴西淡水河谷公司（季度）,供应-产量,是,3761,43970.398830
ID00186670,铁矿石：产量：巴西东南地区：巴西淡水河谷公司（季度）,供应-产量,是,3764,21000.167109
ID00186671,铁矿石：产量：巴西南方地区：巴西淡水河谷公司（季度）,供应-产量,是,3760,16153.018085
ID00186683,铁矿石：加工量：福蒂斯丘金属集团（季度）,价格-矿石价格,否,3764,45.767163
ID00186684,铁矿石：产量：力拓集团（以股份占比计）（季度）,供应-产量,是,3763,71207.844273
ID00186985,铁矿石：销售量合计：澳大利亚必和必拓集团（季度）,供应-矿山,是,3758,61970.072911
ID00186990,铁矿石：销售量合计：全球：巴西淡水河谷公司（季度）,供应-矿山,是,3762,79655.081340
ID00187000,铁矿石：销售数量：中华人民共和国：巴西淡水河谷公司（季度）,供应-矿山,是,3762,48555.760234
ID00187001,铁矿石：销售量合计：力拓集团：力拓皮尔巴拉矿区（季度）,供应-矿山,是,3761,82100.584419
ID00187002,铁矿石：销售量合计：力拓集团（季度）,供应-矿山,是,3762,86561.217172
ID00187017,巴西淡水河谷公司：销售数量：铁矿石（除原矿）（季度）,供应-矿山,是,3763,68.415009
ID00313193_quarter,世界钢铁工业协会：高炉生铁：产量：全球（季度）,供应-产量,否,3761,314134.236373
ID00392622,铁矿石：产量：力拓皮尔巴拉矿区（季度）,供应-产量,是,3764,82156.297024
ID01155774_quarter,铁矿石：发货量：澳大利亚联邦：力拓集团（季度）,供应-发货量,是,2759,8088.650616
ID01155776_quarter,铁矿石：发货量：澳大利亚联邦：福蒂斯丘金属集团（季度）,供应-发货量,否,2757,4581.900686
ID01434259,球团矿：销售数量：全球：巴西淡水河谷公司（季度）,供应-矿山,是,3398,9927.995586
ID01562389_quarter,超特粉：到港量：47个港口：福蒂斯丘金属集团：明细（季度）,供应-到港,否,1853,1671.641662
ID01562396_quarter,PB块：到港量：47个港口：力拓集团：明细（季度）,供应-到港,是,1854,1590.179612
ID01562397_quarter,PB粉：到港量：47个港口：力拓集团：明细（季度）,供应-到港,是,1853,3446.868645
ID01565061_quarter,铁矿石：到港量：47个港口（季度）,供应-到港,否,1588,31521.307368
ID01879051,铁矿石：加工量：铁桥项目：福蒂斯丘金属集团（季度）,价格-矿石价格,否,1311,0.969092
ID02039108_quarter,铁矿石：澳大利亚联邦产区：发货量（季度）,供应-发货量,否,2497,22980.174089
ID02039109_quarter,铁矿石：澳大利亚联邦产区：发货量：澳大利亚联邦→中华人民共和国（季度）,供应-发货量,否,2124,19657.014972
IO_SHIP_EST_AUS_017_quarter,铁矿石非主流矿山到中国发运（季度）,供应-发运,否,2129,10291.874578
IO_SHIP_EST_GLOB_006_quarter,铁矿石全球发中国总量（季度）,价格-矿石价格,否,2126,31762.363301
IO_SHIP_VOL_CTF_014_quarter,铁矿石超特粉发中国（季度）,价格-矿石价格,否,2672,1492.171744
IO_SHIP_VOL_GLOB_016_quarter,铁矿石淡水河谷发中国总量（季度）,供应-矿山,是,2218,4479.605249
IO_SHIP_VOL_PBB_011_quarter,铁矿石PB块发中国（季度）,价格-矿石价格,否,2672,1402.353978
IO_SHIP_VOL_PBF_009_quarter,铁矿石PB粉发中国（季度）,价格-矿石价格,否,2671,2660.310906
M0039354,中国：GDP：不变价：当季同比,宏观-GDP,否,3781,5.638297
RE00034182_quarter,卡拉加斯粉：发货量：巴西联邦共和国：明细（季度）,供应-发货量,否,2579,4126.762621
RE00035602_quarter,超特粉：发货量：澳大利亚联邦：明细（季度）,供应-发货量,否,2670,1633.253858
RE00035610_quarter,PB块：发货量：澳大利亚联邦：明细（季度）,供应-发货量,否,2674,1757.018923
RE00035620_quarter,PB粉：发货量：澳大利亚联邦：明细（季度）,供应-发货量,否,2673,3315.506322
G0000236,全球：GDP：不变价：同比,宏观-GDP,否,3785,3.462157
ID00186565_year,铁矿石：发货量：澳大利亚必和必拓集团→中华人民共和国（年度）,供应-发货量,是,3777,22979.755128
ID00186566_year,铁矿石：发货量：巴西淡水河谷公司→全球（年度）,供应-发货量,是,3775,28964.298527
ID00186567_year,铁矿石：发货量：福蒂斯丘金属集团→中华人民共和国（年度）,供应-发货量,否,3772,16508.555875
ID00186568_year,铁矿石：发货量：力拓集团→中华人民共和国（年度）,供应-发货量,是,3773,25570.097464
ID00313193_year,世界钢铁工业协会：高炉生铁：产量：全球（年度）,供应-产量,否,3773,1251386.015107
ID01155774_year,铁矿石：发货量：澳大利亚联邦：力拓集团（年度）,供应-发货量,是,2685,32068.638994
ID01155776_year,铁矿石：发货量：澳大利亚联邦：福蒂斯丘金属集团（年度）,供应-发货量,否,2683,17197.510026
ID01562389_year,超特粉：到港量：47个港口：福蒂斯丘金属集团：明细（年度）,供应-到港,否,1586,6449.159647
ID01562396_year,PB块：到港量：47个港口：力拓集团：明细（年度）,供应-到港,是,1586,6405.541173
ID01562397_year,PB粉：到港量：47个港口：力拓集团：明细（年度）,供应-到港,是,1586,13908.010467
ID01565061_year,铁矿石：到港量：47个港口（年度）,供应-到港,否,1589,119909.583512
IO_SHIP_EST_AUS_017_year,铁矿石非主流矿山到中国发运（年度）,供应-发运,否,1952,38473.763860
IO_SHIP_VOL_CTF_014_year,铁矿石超特粉发中国（年度）,价格-矿石价格,否,2682,5269.120833
IO_SHIP_VOL_GLOB_016_year,铁矿石淡水河谷发中国总量（年度）,供应-矿山,是,1951,18040.131903
IO_SHIP_VOL_PBB_011_year,铁矿石PB块发中国（年度）,价格-矿石价格,否,2682,5156.304325
IO_SHIP_VOL_PBF_009_year,铁矿石PB粉发中国（年度）,价格-矿石价格,否,2684,9901.511218
RE00034182_year,卡拉加斯粉：发货量：巴西联邦共和国：明细（年度）,供应-发货量,否,2316,16688.446632
RE00035602_year,超特粉：发货量：澳大利亚联邦：明细（年度）,供应-发货量,否,2683,5834.984178
RE00035610_year,PB块：发货量：澳大利亚联邦：明细（年度）,供应-发货量,否,2683,6357.313045
RE00035620_year,PB粉：发货量：澳大利亚联邦：明细（年度）,供应-发货量,否,2684,12216.153689
